title,authors,year,source_url,local_file,sha256
Dancing links,Donald E. Knuth,2000,https://arxiv.org/pdf/cs/0011047v1,docs/literature/pdfs/2000_knuth_dancing-links.pdf,19f9d421604939e19080e8a6d806e7189492f625b75b58e5682fa8dc66898fe5
Chaff: Engineering an Efficient SAT Solver,Matthew W. Moskewicz; Conor F. Madigan; Ying Zhao; Lintao Zhang; Sharad Malik,2001,https://rg1-teaching.mpi-inf.mpg.de/advancedc-ws08/exercises/Chaff.pdf,docs/literature/pdfs/2001_moskewicz_et-al_chaff-efficient-sat-solver.pdf,77d6eeedaceaaf74697d13f77c1b3244aae0b5d4a4b9ef4b073c597625c26c2d
Arc consistency for soft constraints,Martin Cooper; Thomas Schiex,2001,https://arxiv.org/pdf/cs/0111038v3,docs/literature/pdfs/2001_cooper_schiex_arc-consistency-soft-constraints.pdf,125e4a1568cb7ccd62ca43e53adc0c46367ab99ec1cb023f7e1763e2c705c80a
An Extensible SAT-solver,Niklas Een; Niklas Sorensson,2003,https://lara.epfl.ch/w/_media/projects:minisat-anextensiblesatsolver.pdf,docs/literature/pdfs/2003_een_sorensson_extensible-sat-solver.pdf,58e68ed539b209befdcec4aac580c44d497ec7a18e860004501c9f6c7dc72c43
Statistically Rigorous Java Performance Evaluation,Andy Georges; Dries Buytaert; Lieven Eeckhout,2007,https://dri.es/files/oopsla07-georges.pdf,docs/literature/pdfs/2007_georges_buytaert_eeckhout_statistically-rigorous-java-performance-evaluation.pdf,3b8c18d3fc1e30502772a7303300d3961f13a3fadd25aa5fa3986456ec528726
Python for education: the exact cover problem,Andrzej Kapanowski,2010,https://arxiv.org/pdf/1010.5890v1,docs/literature/pdfs/2010_kapanowski_exact-cover-problem.pdf,fa5bf3cef0078f856da8ff1e4447e3c9978c16e729679aca69c2164937756ae8
Arc Consistency and Friends,Hubie Chen; Victor Dalmau; Berit Grussien,2011,https://arxiv.org/pdf/1104.4993v1,docs/literature/pdfs/2011_chen_dalmau_grussien_arc-consistency-and-friends.pdf,02ddc9399f3dfe4c05cc2ed9da7ee63704127fcb3c57a02cf87061c47527fe15
Completions of epsilon-dense partial Latin squares,Padraic Bartlett,2012,https://arxiv.org/pdf/1205.1558v4,docs/literature/pdfs/2012_bartlett_completions-epsilon-dense-partial-latin-squares.pdf,f3a2fafa6efdd82987f94fe46e50db889e36c3034a5732037fdf2c76e465d5ee
Random Latin squares and Sudoku designs generation,Roberto Fontana,2013,https://arxiv.org/pdf/1305.3697v1,docs/literature/pdfs/2013_fontana_random-latin-squares-sudoku-designs-generation.pdf,9685b0c54a4bc5be482eb4d960892c14e05ca2f57b68162ba8f3643cc9414512
On the speed of constraint propagation and the time complexity of arc consistency testing,Christoph Berkholz; Oleg Verbitsky,2013,https://arxiv.org/pdf/1303.7077v1,docs/literature/pdfs/2013_berkholz_verbitsky_speed-constraint-propagation.pdf,d1fbb90b2928bc2370e11f367d0c4b069c106860cff9c9f63cbf2f9ac961483e
Rigorous Benchmarking in Reasonable Time,Tomas Kalibera; Richard Jones,2013,https://kar.kent.ac.uk/33611/45/p63-kaliber.pdf,docs/literature/pdfs/2013_kalibera_jones_rigorous-benchmarking-reasonable-time.pdf,b50fb85079cbaea9524eb202393a60807dd3fc270d91eb80de5dba0faf02dbab
DoKnowMe: Towards a Domain Knowledge-driven Methodology for Performance Evaluation,Zheng Li; Liam O'Brien; Maria Kihl,2017,https://arxiv.org/pdf/1708.01419v1,docs/literature/pdfs/2017_li_obrien_kihl_doknowme-performance-methodology.pdf,f1cf54e3c290dae086209b5fd1676c4e02483dc2ca51fb7eba8bb973b2818220
Benchmarking Crimes: An Emerging Threat in Systems Security,Erik van der Kouwe; Dennis Andriesse; Herbert Bos; Cristiano Giuffrida; Gernot Heiser,2018,https://arxiv.org/pdf/1801.02381v1,docs/literature/pdfs/2018_vanderkouwe_et-al_benchmarking-crimes.pdf,915270be60890682599c67c62abd8e9960a394bfdc950b5425aad0ad58af8e63
Towards a Complexity-theoretic Understanding of Restarts in SAT solvers,Chunxiao Li; Noah Fleming; Marc Vinyals; Toniann Pitassi; Vijay Ganesh,2020,https://arxiv.org/pdf/2003.02323v2,docs/literature/pdfs/2020_li_et-al_restarts-in-sat-solvers.pdf,3555c464874d8501c352c4219780c874129fdbc4156829c41656e6cd9c9bd0ce
Exact Method for Generating Strategy-Solvable Sudoku Clues,Kohei Nishikawa; Takahisa Toda,2020,https://arxiv.org/pdf/2005.14098v1,docs/literature/pdfs/2020_nishikawa_toda_generating-strategy-solvable-sudoku-clues.pdf,6d9ef3db7c9b697613eb62c89f50a0b2fee8bd909df4f4c21e70594cf0a76e76
Revisiting Restarts of CDCL: Should the Search Information be Preserved?,Xindi Zhang; Zhihan Chen; Shaowei Cai,2024,https://arxiv.org/pdf/2404.16387v2,docs/literature/pdfs/2024_zhang_chen_cai_revisiting-restarts-cdcl.pdf,c68ee2fb6374fbaad7f56faa445e5599c415f8b548976872f947a8fbcc2313a2
Resource Allocation under the Latin Square Constraint,Yasushi Kawase; Bodhayan Roy; Mohammad Azharuddin Sanpui,2025,https://arxiv.org/pdf/2501.06506v1,docs/literature/pdfs/2025_kawase_roy_sanpui_latin-square-constraint.pdf,94fc806d1d111447d05fbee7e9d2e39cc143404ebb75aad8f4f3aa3b89886336
Deeply Optimizing the SAT Solver for the IC3 Algorithm,Yuheng Su; Qiusong Yang; Yiwei Ci; Yingcheng Li; Tianjun Bu; Ziyu Huang,2025,https://arxiv.org/pdf/2501.18612v3,docs/literature/pdfs/2025_su_et-al_optimizing-sat-solver-ic3.pdf,8fe0bb46a34a21438df61af0179e62db8fd6585ff15ea87972c6498418e19f22
Rethinking Clause Management for CDCL SAT Solvers,Yalun Cai; Xindi Zhang; Zhengyuan Shi; Mengxia Tao; Qiang Xu,2026,https://arxiv.org/pdf/2602.20829v2,docs/literature/pdfs/2026_cai_zhang_et-al_clause-management-cdcl.pdf,de1f480ce8e98d4511897f8b8d49224fce57bccd14b054acf320f45eb31252b2
Proofdoors and Efficiency of CDCL Solvers,Sunidhi Singh; Vincent Liew; Marc Vinyals; Vijay Ganesh,2026,https://arxiv.org/pdf/2603.26286v1,docs/literature/pdfs/2026_singh_liew_vinyals_ganesh_proofdoors-cdcl.pdf,754da50d9ff12885d18cd28db41e0153cbc841b3ab418fa85226b8e282f7f091
Latin squares with non-partitioning disjoint subsquares,Tara Kemp,2026,https://arxiv.org/pdf/2603.23894v1,docs/literature/pdfs/2026_kemp_latin-squares-disjoint-subsquares.pdf,6f1702834b1856e5504dfbad155843aecc3be308f289c4f03c46d174847a02f9
