title,authors,year,source_url,local_file
"Dancing links","Donald E. Knuth",2000,"https://arxiv.org/pdf/cs/0011047v1","docs/literature/pdfs/2000_knuth_dancing-links.pdf"
"Chaff: Engineering an Efficient SAT Solver","Matthew W. Moskewicz; Conor F. Madigan; Ying Zhao; Lintao Zhang; Sharad Malik",2001,"https://rg1-teaching.mpi-inf.mpg.de/advancedc-ws08/exercises/Chaff.pdf","docs/literature/pdfs/2001_moskewicz_et-al_chaff-efficient-sat-solver.pdf"
"Arc consistency for soft constraints","Martin Cooper; Thomas Schiex",2001,"https://arxiv.org/pdf/cs/0111038v3","docs/literature/pdfs/2001_cooper_schiex_arc-consistency-soft-constraints.pdf"
"An Extensible SAT-solver","Niklas Een; Niklas Sorensson",2003,"https://lara.epfl.ch/w/_media/projects:minisat-anextensiblesatsolver.pdf","docs/literature/pdfs/2003_een_sorensson_extensible-sat-solver.pdf"
"Statistically Rigorous Java Performance Evaluation","Andy Georges; Dries Buytaert; Lieven Eeckhout",2007,"https://dri.es/files/oopsla07-georges.pdf","docs/literature/pdfs/2007_georges_buytaert_eeckhout_statistically-rigorous-java-performance-evaluation.pdf"
"Python for education: the exact cover problem","Andrzej Kapanowski",2010,"https://arxiv.org/pdf/1010.5890v1","docs/literature/pdfs/2010_kapanowski_exact-cover-problem.pdf"
"Arc Consistency and Friends","Hubie Chen; Victor Dalmau; Berit Grussien",2011,"https://arxiv.org/pdf/1104.4993v1","docs/literature/pdfs/2011_chen_dalmau_grussien_arc-consistency-and-friends.pdf"
"Completions of epsilon-dense partial Latin squares","Padraic Bartlett",2012,"https://arxiv.org/pdf/1205.1558v4","docs/literature/pdfs/2012_bartlett_completions-epsilon-dense-partial-latin-squares.pdf"
"Random Latin squares and Sudoku designs generation","Roberto Fontana",2013,"https://arxiv.org/pdf/1305.3697v1","docs/literature/pdfs/2013_fontana_random-latin-squares-sudoku-designs-generation.pdf"
"On the speed of constraint propagation and the time complexity of arc consistency testing","Christoph Berkholz; Oleg Verbitsky",2013,"https://arxiv.org/pdf/1303.7077v1","docs/literature/pdfs/2013_berkholz_verbitsky_speed-constraint-propagation.pdf"
"Rigorous Benchmarking in Reasonable Time","Tomas Kalibera; Richard Jones",2013,"https://kar.kent.ac.uk/33611/45/p63-kaliber.pdf","docs/literature/pdfs/2013_kalibera_jones_rigorous-benchmarking-reasonable-time.pdf"
"DoKnowMe: Towards a Domain Knowledge-driven Methodology for Performance Evaluation","Zheng Li; Liam O'Brien; Maria Kihl",2017,"https://arxiv.org/pdf/1708.01419v1","docs/literature/pdfs/2017_li_obrien_kihl_doknowme-performance-methodology.pdf"
"Benchmarking Crimes: An Emerging Threat in Systems Security","Erik van der Kouwe; Dennis Andriesse; Herbert Bos; Cristiano Giuffrida; Gernot Heiser",2018,"https://arxiv.org/pdf/1801.02381v1","docs/literature/pdfs/2018_vanderkouwe_et-al_benchmarking-crimes.pdf"
"Towards a Complexity-theoretic Understanding of Restarts in SAT solvers","Chunxiao Li; Noah Fleming; Marc Vinyals; Toniann Pitassi; Vijay Ganesh",2020,"https://arxiv.org/pdf/2003.02323v2","docs/literature/pdfs/2020_li_et-al_restarts-in-sat-solvers.pdf"
"Exact Method for Generating Strategy-Solvable Sudoku Clues","Kohei Nishikawa; Takahisa Toda",2020,"https://arxiv.org/pdf/2005.14098v1","docs/literature/pdfs/2020_nishikawa_toda_generating-strategy-solvable-sudoku-clues.pdf"
"Revisiting Restarts of CDCL: Should the Search Information be Preserved?","Xindi Zhang; Zhihan Chen; Shaowei Cai",2024,"https://arxiv.org/pdf/2404.16387v2","docs/literature/pdfs/2024_zhang_chen_cai_revisiting-restarts-cdcl.pdf"
"Resource Allocation under the Latin Square Constraint","Yasushi Kawase; Bodhayan Roy; Mohammad Azharuddin Sanpui",2025,"https://arxiv.org/pdf/2501.06506v1","docs/literature/pdfs/2025_kawase_roy_sanpui_latin-square-constraint.pdf"
"Deeply Optimizing the SAT Solver for the IC3 Algorithm","Yuheng Su; Qiusong Yang; Yiwei Ci; Yingcheng Li; Tianjun Bu; Ziyu Huang",2025,"https://arxiv.org/pdf/2501.18612v3","docs/literature/pdfs/2025_su_et-al_optimizing-sat-solver-ic3.pdf"
"Rethinking Clause Management for CDCL SAT Solvers","Yalun Cai; Xindi Zhang; Zhengyuan Shi; Mengxia Tao; Qiang Xu",2026,"https://arxiv.org/pdf/2602.20829v2","docs/literature/pdfs/2026_cai_zhang_et-al_clause-management-cdcl.pdf"
"Proofdoors and Efficiency of CDCL Solvers","Sunidhi Singh; Vincent Liew; Marc Vinyals; Vijay Ganesh",2026,"https://arxiv.org/pdf/2603.26286v1","docs/literature/pdfs/2026_singh_liew_vinyals_ganesh_proofdoors-cdcl.pdf"
"Latin squares with non-partitioning disjoint subsquares","Tara Kemp",2026,"https://arxiv.org/pdf/2603.23894v1","docs/literature/pdfs/2026_kemp_latin-squares-disjoint-subsquares.pdf"
